STATE,CITY,CLLI,RACK ID,BAY NAME,BAY,RACK,CHASSIS,USAGE,FULL RACK NAME,RACK STATUS,RACK CREATED,RACK MODIFIED,EQUIPMENT NAME,EQPT STATUS,EQPT-W,EQPT-H,EQPT-D,EQPT CREATED,EQPT MODIFIED,RACK-W,RACK-H,RACK-D,EQPT_ID,SOURCE SYSTEM
CO,CASTLE ROCK,CSRKCOCF,,CSRKCOCF.001.0000..001.001,BAY,,,FACILITY,,,,,,,,,,,,,,,,
CO,CASTLE ROCK,CSRKCOCF,,CSRKCOCF.001.0000..001.003,BAY,,,FACILITY,,,,,,,,,,,,,,,,
CO,CASTLE ROCK,CSRKCOCF,,CSRKCOCF.001.0000..002.001,BAY,,,CUSTOMER,,,,,,,,,,,,,,,,
CO,CASTLE ROCK,CSRKCOCF,434375269,CSRKCOCF.001.0001..001.001,BAY,RACK,CHASSIS,,CSRKCOCF.001.0001..001.001.FR,,,7/26/2023 5:08:16 PM,CSRKCOCF.OSPOCP.001.0001..001.001.8,IN SERVICE,19,6,18,6/26/2019 7:05:17 PM,7/26/2023 5:08:17 PM,24,84,23,21096143,GRANITE
CO,CASTLE ROCK,CSRKCOCF,434375269,CSRKCOCF.001.0001..001.001,BAY,RACK,CHASSIS,,CSRKCOCF.001.0001..001.001.FR,,,7/26/2023 5:08:16 PM,CSRKCOCF.OSPOCP.001.0001..001.001.41,IN SERVICE,19,6,18,6/26/2019 7:05:24 PM,7/26/2023 5:08:17 PM,24,84,23,21096144,GRANITE
CO,CASTLE ROCK,CSRKCOCF,22077722,CSRKCOCF.001.0001..001.002,BAY,RACK,CHASSIS,,CSRKCOCF.001.0001..001.002.FR,,,7/26/2023 5:08:16 PM,CSRKCOCF.OSPFDP.001.0001..001.002.2,IN SERVICE,19,7,10,06/09/2019 21:44,7/26/2023 5:08:17 PM,23,84,4,20952415,GRANITE
CO,CASTLE ROCK,CSRKCOCF,22077723,CSRKCOCF.001.0001..001.003,BAY,RACK,CHASSIS,,CSRKCOCF.001.0001..001.003.FR,,,7/26/2023 5:08:16 PM,CSRKCOCF.OSPFDP.001.0001..001.003.1,IN SERVICE,19,7,10,11/13/2019 10:21:11 PM,7/26/2023 5:08:17 PM,23,84,4,21587767,GRANITE
CO,CASTLE ROCK,CSRKCOCF,22077723,CSRKCOCF.001.0001..001.003,BAY,RACK,CHASSIS,,CSRKCOCF.001.0001..001.003.FR,,,7/26/2023 5:08:16 PM,CSRKCOCF.OSPFDP.001.0001..001.003.11,IN SERVICE,19,7,10,06/09/2019 21:44,7/26/2023 5:08:17 PM,23,84,4,20952416,GRANITE
CO,CASTLE ROCK,CSRKCOCF,22077724,CSRKCOCF.001.0001..001.004,BAY,RACK,CHASSIS,,CSRKCOCF.001.0001..001.004.FR,,,7/26/2023 5:08:16 PM,CSRKCOCF.OSPFDP.001.0001..001.004.1,IN SERVICE,19,7,10,06/09/2019 21:44,7/26/2023 5:08:17 PM,23,84,4,20952418,GRANITE
CO,CASTLE ROCK,CSRKCOCF,22077725,CSRKCOCF.001.0001..001.005,BAY,RACK,CHASSIS,,CSRKCOCF.001.0001..001.005.FR,,,7/26/2023 5:08:16 PM,CSRKCOCF.OSPFDP.001.0001..001.005.2,IN SERVICE,19,7,10,06/09/2019 21:44,7/26/2023 5:08:17 PM,23,84,4,20952417,GRANITE
CO,CASTLE ROCK,CSRKCOCF,438033227,CSRKCOCF.001.0001..002.001,BAY,RACK,,,CSRKCOCF.001.0001..002.001.FR,,,7/26/2023 5:08:16 PM,,,,,,,,23,84,24,,
CO,CASTLE ROCK,CSRKCOCF,436016115,CSRKCOCF.001.0001..002.002,BAY,RACK,CHASSIS,,CSRKCOCF.001.0001..002.002.FR,,,7/26/2023 5:08:16 PM,CSRKCOCF.CIENA.6500.00001.SHELF-1,IN SERVICE,,,,05/08/2023 15:11,08/11/2023 20:23,23,84,15,436253417,GRANITE
CO,CASTLE ROCK,CSRKCOCF,462348775,CSRKCOCF.001.0001..005.001,BAY,RACK,CHASSIS,,CSRKCOCF.001.0001..005.001.FR,IN SERVICE,,7/30/2025 2:59:14 PM,CSRKCOCF.OSPOSX.001.0001..005.001.19,IN SERVICE,,,,7/30/2025 2:59:37 PM,7/30/2025 2:59:37 PM,24,84,30,462348663,GRANITE
CO,CASTLE ROCK,CSRKCOCF,462348775,CSRKCOCF.001.0001..005.001,BAY,RACK,CHASSIS,,CSRKCOCF.001.0001..005.001.FR,IN SERVICE,,7/30/2025 2:59:14 PM,CSRKCOCF.OSPOSX.001.0001..005.001.25,IN SERVICE,,,,7/30/2025 2:59:59 PM,7/30/2025 2:59:59 PM,24,84,30,462348662,GRANITE
CO,CASTLE ROCK,CSRKCOCF,462348774,CSRKCOCF.001.0001..005.002,BAY,RACK,CHASSIS,,CSRKCOCF.001.0001..005.002.FR,IN SERVICE,,7/30/2025 2:59:13 PM,CSRKCOCF.OSPOSX.001.0001..005.002.19,IN SERVICE,,,,7/30/2025 3:00:21 PM,7/30/2025 3:00:21 PM,24,84,30,462348665,GRANITE
CO,CASTLE ROCK,CSRKCOCF,462348774,CSRKCOCF.001.0001..005.002,BAY,RACK,CHASSIS,,CSRKCOCF.001.0001..005.002.FR,IN SERVICE,,7/30/2025 2:59:13 PM,CSRKCOCF.OSPOSX.001.0001..005.002.25,IN SERVICE,,,,7/30/2025 3:00:43 PM,7/30/2025 3:00:43 PM,24,84,30,462348664,GRANITE
CO,CASTLE ROCK,CSRKCOCF,22077721,CSRKCOCF.001.0001..WMT.001,BAY,RACK,CHASSIS,,CSRKCOCF.001.0001..WMT.001.FR,,,7/26/2023 5:08:16 PM,CSRKCOCF.OSPFDP.001.0001..WMT.001.78,IN SERVICE,10,15,12,08/12/2019 21:26,7/26/2023 5:08:17 PM,23,84,4,21296776,GRANITE
CO,CASTLE ROCK,CSRKCOCF,22077721,CSRKCOCF.001.0001..WMT.001,BAY,RACK,CHASSIS,,CSRKCOCF.001.0001..WMT.001.FR,,,7/26/2023 5:08:16 PM,CSRKCOCF.OSPFDP.001.0001..WMT.001.79,IN SERVICE,10,15,12,08/12/2019 21:26,7/26/2023 5:08:17 PM,23,84,4,21296780,GRANITE
CO,CASTLE ROCK,CSRKCOCF,21603449,CSRKCOCF.001.0002..R01.001,BAY,RACK,CHASSIS,,CSRKCOCF.001.0002..R01.001.FR,,,7/26/2023 5:11:08 PM,CSRKCOCF.TBDOSX.001.0002..R01.001.1,IN SERVICE,17,7,12,11/17/2012 1:23:46 PM,7/26/2023 5:11:08 PM,23,84,24,8300393,GRANITE
CO,CASTLE ROCK,CSRKCOCF,21603449,CSRKCOCF.001.0002..R01.001,BAY,RACK,CHASSIS,,CSRKCOCF.001.0002..R01.001.FR,,,7/26/2023 5:11:08 PM,CSRKCOCF.TBDOSX.001.0002..R01.001.5,IN SERVICE,17,7,12,11/17/2012 1:23:46 PM,7/26/2023 5:11:08 PM,23,84,24,8282680,GRANITE
CO,CASTLE ROCK,CSRKCOCF,,CSRKCOCF.001.0002.003.001.001,BAY,,,,,,,,,,,,,,,,,,,
CO,CASTLE ROCK,CSRKCOCF,,CSRKCOCF.001.0002.003.001.002,BAY,,,,,,,,,,,,,,,,,,,
CO,CASTLE ROCK,CSRKCOCF,446648767,CSRKCOCF.001.0002.003.001.003,BAY,RACK,,,CSRKCOCF.001.0002.003.001.003.FR,,,3/14/2024 2:45:15 PM,,,,,,,,23,84,15,,
CO,CASTLE ROCK,CSRKCOCF,,CSRKCOCF.001.0002.003.002.001,BAY,,,,,,,,,,,,,,,,,,,
CO,CASTLE ROCK,CSRKCOCF,,CSRKCOCF.001.0002.003.002.002,BAY,,,,,,,,,,,,,,,,,,,
CO,CASTLE ROCK,CSRKCOCF,,CSRKCOCF.001.0002.003.002.003,BAY,,,,,,,,,,,,,,,,,,,
CO,CASTLE ROCK,CSRKCOCF,22462006,CSRKCOCF.001.0002.004.402.001,BAY,RACK,,,CSRKCOCF.001.0002.004.402.001.FR,,,03/11/2024 21:39,,,,,,,,26,84,15,,
CO,CASTLE ROCK,CSRKCOCF,244224280,CSRKCOCF.001.0002.004.402.002,BAY,RACK,,,CSRKCOCF.001.0002.004.402.002.FR,,,03/11/2024 21:39,,,,,,,,26,84,15,,
CO,CASTLE ROCK,CSRKCOCF,393074091,CSRKCOCF.001.0002.004.402.003,BAY,RACK,,,CSRKCOCF.001.0002.004.402.003.FR,,,03/11/2024 21:39,,,,,,,,26,84,15,,
CO,CASTLE ROCK,CSRKCOCF,446535020,CSRKCOCF.001.0003.005.001.001,BAY,RACK,,,CSRKCOCF.001.0003.005.001.001.FR,,,3/20/2024 7:22:55 PM,,,,,,,,26,84,15,,
CO,CASTLE ROCK,CSRKCOCF,446535024,CSRKCOCF.001.0003.005.001.002,BAY,RACK,,,CSRKCOCF.001.0003.005.001.002.FR,,,3/20/2024 7:22:55 PM,,,,,,,,26,84,15,,
CO,CASTLE ROCK,CSRKCOCF,446535028,CSRKCOCF.001.0003.005.001.003,BAY,RACK,,,CSRKCOCF.001.0003.005.001.003.FR,,,3/20/2024 7:22:55 PM,,,,,,,,26,84,15,,
CO,CASTLE ROCK,CSRKCOCF,446535029,CSRKCOCF.001.0003.005.001.004,BAY,RACK,,,CSRKCOCF.001.0003.005.001.004.FR,,,3/20/2024 7:22:55 PM,,,,,,,,26,84,15,,
CO,CASTLE ROCK,CSRKCOCF,446535030,CSRKCOCF.001.0003.005.001.005,BAY,RACK,,,CSRKCOCF.001.0003.005.001.005.FR,,,3/20/2024 7:22:55 PM,,,,,,,,26,84,15,,
CO,CASTLE ROCK,CSRKCOCF,446535031,CSRKCOCF.001.0003.005.001.006,BAY,RACK,,,CSRKCOCF.001.0003.005.001.006.FR,,,3/20/2024 7:22:55 PM,,,,,,,,26,84,15,,
CO,CASTLE ROCK,CSRKCOCF,446535032,CSRKCOCF.001.0003.005.001.007,BAY,RACK,,,CSRKCOCF.001.0003.005.001.007.FR,,,3/20/2024 7:22:55 PM,,,,,,,,26,84,15,,
CO,CASTLE ROCK,CSRKCOCF,446535033,CSRKCOCF.001.0003.005.001.008,BAY,RACK,,,CSRKCOCF.001.0003.005.001.008.FR,,,3/20/2024 7:22:55 PM,,,,,,,,26,84,15,,
CO,CASTLE ROCK,CSRKCOCF,446535022,CSRKCOCF.001.0003.005.001.009,BAY,RACK,,,CSRKCOCF.001.0003.005.001.009.FR,,,3/20/2024 7:22:55 PM,,,,,,,,26,84,15,,
CO,CASTLE ROCK,CSRKCOCF,446535023,CSRKCOCF.001.0003.005.001.010,BAY,RACK,,,CSRKCOCF.001.0003.005.001.010.FR,,,3/20/2024 7:22:55 PM,,,,,,,,26,84,15,,
CO,CASTLE ROCK,CSRKCOCF,446535021,CSRKCOCF.001.0003.005.001.011,BAY,RACK,,,CSRKCOCF.001.0003.005.001.011.FR,,,3/20/2024 7:22:55 PM,,,,,,,,26,84,15,,
CO,CASTLE ROCK,CSRKCOCF,446535034,CSRKCOCF.001.0003.005.002.001,BAY,RACK,,,CSRKCOCF.001.0003.005.002.001.FR,,,3/20/2024 7:23:04 PM,,,,,,,,26,84,15,,
CO,CASTLE ROCK,CSRKCOCF,446535035,CSRKCOCF.001.0003.005.002.002,BAY,RACK,,,CSRKCOCF.001.0003.005.002.002.FR,,,3/20/2024 7:23:04 PM,,,,,,,,26,84,15,,
CO,CASTLE ROCK,CSRKCOCF,446535036,CSRKCOCF.001.0003.005.002.003,BAY,RACK,,,CSRKCOCF.001.0003.005.002.003.FR,,,3/20/2024 7:23:04 PM,,,,,,,,26,84,15,,
CO,CASTLE ROCK,CSRKCOCF,446535037,CSRKCOCF.001.0003.005.002.004,BAY,RACK,,,CSRKCOCF.001.0003.005.002.004.FR,,,3/20/2024 7:23:04 PM,,,,,,,,26,84,15,,
CO,CASTLE ROCK,CSRKCOCF,446535045,CSRKCOCF.001.0003.005.002.005,BAY,RACK,,,CSRKCOCF.001.0003.005.002.005.FR,,,3/20/2024 7:23:04 PM,,,,,,,,26,84,15,,
CO,CASTLE ROCK,CSRKCOCF,446535044,CSRKCOCF.001.0003.005.002.006,BAY,RACK,,,CSRKCOCF.001.0003.005.002.006.FR,,,3/20/2024 7:23:04 PM,,,,,,,,26,84,15,,
CO,CASTLE ROCK,CSRKCOCF,446535043,CSRKCOCF.001.0003.005.002.007,BAY,RACK,,,CSRKCOCF.001.0003.005.002.007.FR,,,3/20/2024 7:23:04 PM,,,,,,,,26,84,15,,
CO,CASTLE ROCK,CSRKCOCF,446535042,CSRKCOCF.001.0003.005.002.008,BAY,RACK,,,CSRKCOCF.001.0003.005.002.008.FR,,,3/20/2024 7:23:04 PM,,,,,,,,26,84,15,,
CO,CASTLE ROCK,CSRKCOCF,446535041,CSRKCOCF.001.0003.005.002.009,BAY,RACK,,,CSRKCOCF.001.0003.005.002.009.FR,,,3/20/2024 7:23:04 PM,,,,,,,,26,84,15,,
CO,CASTLE ROCK,CSRKCOCF,446535040,CSRKCOCF.001.0003.005.002.010,BAY,RACK,,,CSRKCOCF.001.0003.005.002.010.FR,,,3/20/2024 7:23:04 PM,,,,,,,,26,84,15,,
CO,CASTLE ROCK,CSRKCOCF,446535039,CSRKCOCF.001.0003.005.002.011,BAY,RACK,,,CSRKCOCF.001.0003.005.002.011.FR,,,3/20/2024 7:23:04 PM,,,,,,,,26,84,15,,
CO,CASTLE ROCK,CSRKCOCF,446535038,CSRKCOCF.001.0003.005.002.012,BAY,RACK,,,CSRKCOCF.001.0003.005.002.012.FR,,,3/20/2024 7:23:04 PM,,,,,,,,26,84,15,,
CO,CASTLE ROCK,CSRKCOCF,,CSRKCOCF.001.0004..002.001,BAY,,,CUSTOMER,,,,,,,,,,,,,,,,
CO,CASTLE ROCK,CSRKCOCF,,CSRKCOCF.001.0004..002.002,BAY,,,CUSTOMER,,,,,,,,,,,,,,,,
CO,CASTLE ROCK,CSRKCOCF,,CSRKCOCF.001.0004..002.003,BAY,,,CUSTOMER,,,,,,,,,,,,,,,,
CO,CASTLE ROCK,CSRKCOCF,,CSRKCOCF.001.BLG1..001.002,BAY,,,FACILITY,,,,,,,,,,,,,,,,
CO,CASTLE ROCK,CSRKCOCF,,CSRKCOCF.001.BLG1..001.003,BAY,,,FACILITY,,,,,,,,,,,,,,,,
CO,CASTLE ROCK,CSRKCOCF,,CSRKCOCF.001.BLG1..001.004,BAY,,,FACILITY,,,,,,,,,,,,,,,,
CO,CASTLE ROCK,CSRKCOCF,,CSRKCOCF.001.BLG1..001.005,BAY,,,FACILITY,,,,,,,,,,,,,,,,
CO,CASTLE ROCK,CSRKCOCF,,CSRKCOCF.001.BLG1..WMT.001,BAY,,,FACILITY,,,,,,,,,,,,,,,,
CO,CASTLE ROCK,CSRKCOCF,,CSRKCOCF.001.BLG3..R01.001,BAY,,,FACILITY,,,,,,,,,,,,,,,,
CO,CASTLE ROCK,CSRKCOCF,,CSRKCOCF.FLOOR.0402.01,BAY,,,,,,,,,,,,,,,,,,,
